driverId,name,ssn,location,certified,wage-plan
10,Nancy Chambers,514-39-1422,"59288 David Bridge Apt. 948
Millershire, GA 85293",N,miles
11,Colleen Costa,894-32-6842,"7485 Tracey Fall
Lake Julia, ID 47393",N,miles
12,Brittney Williams,399-17-2123,"USS Weber
FPO AE 21209",N,miles
13,Curtis Garcia,025-90-2697,"21827 Smith Well
South Nathanview, DE 27087",Y,hours
14,Pamela Bowman,606-21-6154,"39886 Leonard Manors Apt. 591
Peterborough, IA 62988",N,hours
15,Kelsey Wong,676-45-2624,"24217 Michelle Trail Apt. 543
Lake Jasonmouth, MA 43368",N,miles
16,Clinton Lester,363-99-3996,"3796 Bowers Spurs
Caseyland, WA 47336",Y,miles
17,Tracy Thomas,408-34-5931,"3480 Julia Ports Apt. 360
Christophermouth, AR 05087",Y,hours
18,Katherine Manning,533-75-5229,"313 Stephen Haven Suite 241
Jenniferhaven, OK 42498",Y,hours
19,Charles Dean,233-48-1533,"345 Alison Ports
Rosarioshire, NV 14186",N,hours
20,Dr. Matthew Powers,872-25-7447,"1173 Ellis Viaduct Suite 081
Villarrealville, CO 59961",N,hours
21,Carolyn Potter,671-84-3265,"62897 Ford Flat
New Erica, IA 16376",Y,hours
22,Brian Martinez,760-75-5762,"6399 Cheryl Pike Apt. 789
West Dawn, VA 71197",N,miles
23,Richard Cox,214-19-7016,"22145 Daniel Station
New Troy, NY 00789",N,miles
24,Tanya Miller,170-59-2799,"681 Thompson Dale
Port Savannahbury, OK 59819",N,hours
25,Jessica Johnson,317-73-7089,"8687 Linda Square Apt. 547
Lauraton, MO 31175",N,miles
26,Roy Castro,270-73-8424,"897 Johnson Highway
Christopherfurt, MO 66588",N,hours
27,Michael Harris,111-18-0549,"34394 Downs Pass
Jonathanton, CO 00585",Y,hours
28,Daniel Ford,840-66-8796,"1251 Jensen Spring Apt. 062
North Jermaine, MP 34253",Y,miles
29,Miranda Moran,792-65-5051,"84280 Roberts Meadow
Ramirezfort, KS 56301",N,miles
30,Alexandra Stephenson,744-03-7568,"454 Rice Shore Suite 016
Wardshire, MA 45191",Y,hours
31,Sara Sanchez,029-76-1694,"59049 Brianna Flat Suite 630
Lake Brandonchester, KS 31998",Y,hours
32,John Pugh DDS,166-37-4150,"356 Baker Ways Apt. 137
West Joshua, PA 65954",N,miles
33,Brenda Potter,444-77-0280,"4771 Jeremy Mill Suite 586
Port Donald, OH 48474",N,miles
34,Dana Caldwell,707-62-5619,"768 Brooks Brooks
Waynehaven, WY 65562",Y,miles
35,Christopher Snyder,851-91-7510,"46700 Ford Walks Suite 578
North Patrick, NM 72383",N,hours
36,Billy Martin,080-54-6806,"0467 Jacqueline Estates
Mathewtown, NV 27101",N,hours
37,Heather Cook,347-22-5157,"207 Jeffrey Squares
South Andrewmouth, CA 46796",Y,hours
38,Zachary Patterson,460-47-1303,"263 Mcintosh Manors Apt. 096
Lake Aprilstad, TX 90448",N,miles
39,Jasmine Wilson,018-01-2624,"5685 Ricky Plain Apt. 444
Danielstad, FL 36112",N,miles
40,Taylor Sanders,416-37-1147,"17544 Cynthia Tunnel
South Robertburgh, VA 15635",Y,miles
41,Victoria Medina,277-28-0538,"331 Copeland Corners Apt. 724
Gardnerview, SC 27989",N,hours
42,Peter Glass,598-88-5031,"7630 Brown Lane
New Dalton, HI 92908",Y,hours
43,Tracy Lee,548-51-7251,"1873 Wade Throughway Suite 715
Jacksonshire, LA 33357",Y,miles
44,Daniel Mccormick,632-34-3688,"440 Smith Lodge Apt. 204
North James, MA 10255",N,miles
45,Gregory Butler,459-69-3228,"9991 Guerra Stravenue
South Katherine, FL 28251",N,hours
46,Elizabeth Lara,783-44-3276,"665 Martin Glens Apt. 077
Port Josephside, HI 29032",Y,hours
47,Brian Delgado,452-61-8313,"99398 Michaela Lodge
New Kristinahaven, PW 79990",Y,hours
48,Kevin Sanchez,480-52-8330,"302 Wong Row
Johnsonhaven, CT 56899",N,hours
49,Thomas Schultz,864-72-6359,"97040 Jennifer Villages
North Codyfurt, TN 53433",Y,miles
50,Natalie West,102-64-8683,"36581 Michael Parks Suite 534
Perkinschester, NH 82146",Y,hours
51,Hayden Stokes,352-63-9029,"86471 Melissa Crossing
East Sharonfort, GA 29523",N,miles
52,Christina Johnson,668-92-0593,"475 Robert Village
South Rebeccachester, MD 86489",Y,hours
53,Michael Gonzalez,860-81-3932,"8778 Monique Place
Monicafort, NM 74854",Y,hours
54,Joseph Johnson,264-93-9479,"61209 Travis Islands Apt. 528
West Jenniferside, VT 72474",N,hours
55,Roger Gomez,899-50-4634,"41922 Veronica Hill Apt. 521
New Susanmouth, ID 54366",Y,hours
56,Robin Mckenzie,695-03-3580,"91471 Klein Keys Apt. 350
Lake Tyler, MI 98715",N,miles
57,Dr. Angela Rivera PhD,496-60-5343,"Unit 5470 Box 4329
DPO AA 07444",N,hours
58,Andrew Morris,559-76-0692,"1966 Nancy Fort
North Connie, MT 20859",Y,hours
59,Lorraine Gilbert,232-75-7328,"1714 Nicholas Junction Apt. 958
Brianshire, NH 05663",Y,miles
60,Mark Rios,578-92-9775,"20564 Tapia Way
South Wendyfurt, UT 82882",N,miles
61,Amy Summers,808-21-8377,"78064 Erica Circle Suite 286
Kennedyfurt, AL 67747",N,hours
62,Mr. James Montgomery,583-29-4322,"18770 Cathy Ways Suite 285
Lindafort, KS 52290",Y,miles
63,Cynthia Wyatt,826-77-5356,"422 Galvan Station
West Paul, KY 09243",Y,miles
64,John Alexander,617-62-3229,"PSC 6746, Box 6298
APO AE 69081",Y,hours
65,Gabrielle Clark,503-52-6346,"6363 Floyd Harbor Suite 290
Sydneyburgh, MH 81197",N,miles
66,Amanda Schwartz,267-38-0395,"8337 Miller Junctions Apt. 077
Lake Allisonhaven, RI 57697",Y,miles
67,Cindy Davis,174-07-4836,"2975 Antonio Branch
Port Rebeccashire, ID 83940",N,hours
68,Stephanie Woods,478-26-5941,"629 Tony Crest Suite 441
Kylebury, MP 40659",N,hours
69,Andrea Reeves,206-22-0460,"Unit 2196 Box 2761
DPO AP 14718",Y,hours
70,Lance Maldonado,127-23-1885,"256 Cassandra Club Apt. 699
East Emmashire, OR 39115",Y,hours
71,Christine Duffy,483-97-7000,"62865 Zachary Lodge
Conwaybury, NY 18639",Y,hours
72,Laura Torres,580-39-6967,"1155 Miller Common
Christophertown, UT 49557",N,hours
73,Jared Mcgee,408-58-3783,"0653 Delgado Cape
Williamfort, GA 51454",Y,hours
74,Martin Pruitt,233-90-5217,"8836 Ruth Mountains Suite 726
Michaelland, NJ 40927",N,miles
75,Lucas Martin,738-12-6711,"631 Noah Street
West Juanburgh, NE 04580",Y,hours
76,Lauren Mccoy,061-97-2975,"017 Maurice Estates Apt. 467
Shermanside, MP 92867",N,miles
77,Stephanie Snyder,595-83-2974,"92615 Hawkins Dale Suite 341
Port Amyfort, MH 73379",Y,miles
78,Matthew Pierce,512-52-4151,"Unit 1007 Box 0814
DPO AE 16316",Y,hours
79,James Hopkins,045-02-1196,"30792 Simmons Causeway
Port Jillshire, SD 29042",N,hours
80,Karen Perry,444-67-6988,"45301 Bell Squares Apt. 140
Hinesberg, VT 70623",N,hours
81,Curtis Smith,481-31-0644,"7153 Heather Summit Apt. 229
Michaelton, OR 71218",N,miles
82,Kerry Thompson,175-51-6895,"989 Moore Plains
East Christineville, AL 74764",N,hours
83,Stephen Moore,358-72-5281,"19101 Holly Ferry
Allenland, TN 23553",N,hours
84,Steve Watson,324-45-4648,"432 Parks Crossroad Suite 318
Danielsstad, OK 33922",Y,miles
85,Donna Ford,157-81-8015,"05116 Sally Shore
New Roymouth, NC 85114",Y,miles
86,Jacob Thomas,848-51-4672,"16413 Leah Roads Suite 095
Crystalchester, RI 08125",N,miles
87,Kirsten Young,862-85-9873,"893 Carr Burg Apt. 067
New Wendyfurt, VT 98825",Y,hours
88,Teresa Phillips,098-56-4552,"32490 Bradley Alley Apt. 991
Tinaburgh, AS 93292",Y,miles
89,Candace Rodgers,543-53-0943,"USS Maxwell
FPO AA 60222",N,hours
90,Jeffery Fuller,451-56-6408,"54472 Maria Road Apt. 234
Leonardberg, NH 78903",N,miles
91,Molly Hernandez,850-64-3747,"4554 Jones Ramp Apt. 744
New Courtneyland, KY 41850",Y,miles
92,Brian Lopez,233-46-2174,"501 Tracy Island
Gileston, IL 60185",N,miles
93,Laura Wilson,069-06-7696,"038 Reese Tunnel Apt. 397
South Christinaton, GA 55138",N,hours
94,David Brown,252-88-1627,"66505 Burns Flat Suite 104
Port Johnport, IA 35704",N,miles
95,Chad Mitchell,486-40-7785,"8189 Sabrina Route Suite 372
Pamelaside, VI 85793",N,miles
96,Glenn Morgan,286-36-4269,"9011 Maldonado Junction Suite 630
Joshuaborough, VA 99610",N,hours
97,Beverly Porter,804-25-7341,"USCGC Edwards
FPO AE 09981",N,miles
98,Larry Monroe,421-61-7656,"32705 Rivera Rue Apt. 958
Lake Markshire, PA 01015",Y,hours
99,Megan Stewart,522-62-3916,"710 Samantha Drive Suite 866
Smithfurt, CO 01959",N,miles
100,David Spencer,175-28-0396,"79611 Frank Rapids Suite 132
Monicachester, AR 98018",N,miles
101,Mark Scott,738-59-6960,"19086 Michael Road
Cookville, FM 94043",Y,hours
102,Connie Davis,731-12-4497,"52693 Patricia Route Suite 865
Bethanyhaven, NE 94111",N,hours
103,Brian Cervantes,837-75-8349,"04170 Cindy Spring Apt. 750
Jamestown, LA 69632",Y,miles
104,Jason Hubbard,306-31-0656,"025 Deanna Locks
Christopherfort, AZ 04885",Y,miles
105,Brenda Andrews,531-33-3187,"4235 Wu Dam
Port Meganland, MS 47878",Y,miles
106,Robert King,502-86-3543,"0466 Stafford Forges Apt. 789
East Brian, NV 52490",Y,miles
107,Danielle Smith,197-76-6738,"83483 Martinez Drives Suite 133
West Timville, MI 39577",Y,hours
108,Juan Abbott,008-25-9132,"0762 Jessica Ways
New Andrea, GA 58018",Y,miles
109,Jodi Osborne,351-25-9764,"50253 Sanders Brook
Lake Michael, AR 84108",Y,hours
